{"sweep": 0.49748009991856273, "TR": 0.3005039800162875, "AR": 29.44442957234597}