{"Hcruise": 11887.2, "sweep": 0.6474800999185627, "W/S": 7407, "T/W": 0.32469926724044335, "MTOM": 361223.61295421346, "OEM": 170858.76892734296, "MFUEL": 140922.8440268705, "MDESPAY": 27669, "MMAXPAY": 49442, "AR": 8.01647890632, "S": 478.4128045201612, "THRUST": 1150605.5062989125, "Oswald": 0.8002105891578951, "Cf": 0.0026, "Cd0": 0.01612, "b": 61.928879821528064, "tr": 0.4072, "MAC": 8.182172770792663, "XMAC": 13.308195891152703, "YLEMAC": 10.763473618940857, "sweepC/2": 0.6131957093624475, "sweepLE": 0.6800749415704235, "dihedral": 0.022518452607860198, "Cr": 10.979529743774311, "Ct": 4.4708645116648995, "Mcruise": 0.82, "sweepTE": 0.5393800806902048, "CLmaxTO": 0.3135420203679402, "CLmaxLand": 0.21819105133677286, "CLmaxClean": 1.5988147920169873, "bEndHLD": -9.507997085106561, "rollRate": 0.336644971221729, "CLDesign": 0.73, "UltimateCL": 2.5, "TSFC": 14.491608875351323, "Mdd": 0.8243760774919684, "alphaStall": 0.4699030877689445}