{
    "Hcruise": 11887.2,
    "sweep": 0.49748009991856273,
    "W/S": 7407,
    "T/W": 0.32469926724044335,
    "MTOM": 361223.61295421346,
    "OEM": 170858.76892734296,
    "MFUEL": 140922.8440268705,
    "MDESPAY": 27669,
    "MMAXPAY": 49442,
    "AR": 9.872642920666417,
    "S": 478.4128045201612,
    "THRUST": 1150605.5062989125,
    "Oswald": 0.8002105891578951,
    "Cf": 0.0026,
    "Cd0": 0.01612,
    "b": 68.72553228387639,
    "tr": 0.1,
    "MAC": 8.514536817746333,
    "XMAC": 12.495551324341161,
    "YLEMAC": 7.821073810854139,
    "sweepC/2": 0.43127193621223475,
    "sweepLE": 0.5592524684041319,
    "dihedral": 0.0375184526078602,
    "Cr": 12.656743918271577,
    "Ct": 1.2656743918271578,
    "Mcruise": 0.82,
    "sweepTE": 0.2863242855149297,
    "CLmaxTO": 0.3135420203679402,
    "CLmaxLand": 2.5,
    "CLmaxClean": 1.413310775654689,
    "bEndHLD": -9.507997085106561,
    "rollRate": 0.3596854277820242,
    "CLDesign": 0.7166836262139477,
    "UltimateCL": 2.5,
    "TSFC": 14.491608875351323,
    "Incidence": 5.4714791904975355
}