{"Hcruise": 11887.2, "sweep": 0.49748009991856273, "W/S": 8651, "T/W": 0.3257192316951123, "MTOM": 361223.61295421346, "OEM": 170858.76892734296, "MFUEL": 140922.8440268705, "MDESPAY": 27669, "MMAXPAY": 49442, "AR": 9.28375, "S": 409.61780639010914, "THRUST": 1154219.8560562902, "OSwald": 0.8002105891578951, "Cf": 0.0026, "Cd0": 0.01612, "b": 48.28079804614844, "tr": 0.2231208660282349, "MAC": 5.899926046499065, "XMAC": 9.514691329193964, "YLEMAC": 5.817772218626792, "sweepC/2": 0.44313706846069156, "sweepLE": 0.5487971935252399, "dihedral": 0.0375184526078602, "Cr": 8.503772315526184, "Ct": 1.8973690435471307, "Mcruise": 0.82}