{"Hcruise": 11887.2, "sweep": 0.49748009991856273, "W/S": 7407, "T/W": 0.32469926724044335, "MTOM": 361223.61295421346, "OEM": 170858.76892734296, "MFUEL": 140922.8440268705, "MDESPAY": 27669, "MMAXPAY": 49442, "AR": 9.28375, "S": 478.4128045201612, "THRUST": 1150605.5062989125, "Oswald": 0.8002105891578951, "Cf": 0.0026, "Cd0": 0.01612, "b": 66.64431614146885, "tr": 0.2231208660282349, "MAC": 8.14395272170811, "XMAC": 13.133587732439723, "YLEMAC": 8.030551827387383, "sweepC/2": 0.4431370684606915, "sweepLE": 0.5487971935252399, "dihedral": 0.0375184526078602, "Cr": 11.73816741904928, "Ct": 2.619030080122686, "Mcruise": 0.82, "sweepTE": 0.32575224976430567, "CLmaxTO": 0.3135420203679402, "CLmaxLand": 0.21819105133677286, "CLmaxClean": 1.6726925157092298, "bEndHLD": -9.507997085106561, "rollRate": 0.35709295100192295, "CLDesign": 0.73, "UltimateCL": 2.5, "TSFC": 14.491608875351323, "alphaStall": 0.44807217860356774, "AlphaStall": 0.44807217860356774}