{"Hcruise": 11887.2, "sweep": 0.49748009991856273, "W/S": 7407, "T/W": 0.32469926724044335, "MTOM": 361223.61295421346, "OEM": 170858.76892734296, "MFUEL": 140922.8440268705, "MDESPAY": 27669, "MMAXPAY": 49442, "AR": 9.23, "S": 478.4128045201612, "THRUST": 1150605.5062989125, "Oswald": 0.8002105891578951, "Cf": 0.0026, "Cd0": 0.01612, "b": 66.45111124519354, "tr": 0.2231208660282349, "MAC": 8.167631054716912, "XMAC": 13.09551286570717, "YLEMAC": 8.012488362839095, "sweepC/2": 0.4428118500016713, "sweepLE": 0.5490871373295376, "dihedral": 0.0375184526078602, "Cr": 11.772295838817785, "Ct": 2.62664484269761, "Mcruise": 0.82, "sweepTE": 0.32467902155693185, "CLmaxTO": 0.3135420203679402, "CLmaxLand": 0.21819105133677286, "CLmaxClean": 1.6725493889705536, "bEndHLD": -9.507997085106561, "rollRate": 0.3598337551495539, "CLDesign": 0.7166836262139477, "UltimateCL": 2.5, "TSFC": 14.491608875351323, "Incidence": 5.471949814773642}