{"Hcruise": 11887.2, "sweep": 0.49748009991856273, "W/S": 7407, "T/W": 0.32469926724044335, "MTOM": 361223.61295421346, "OEM": 170858.76892734296, "MFUEL": 140922.8440268705, "MDESPAY": 27669, "MMAXPAY": 49442, "AR": 9.28375, "S": 478.4128045201612, "THRUST": 1150605.5062989125, "OSwald": 0.8002105891578951, "Cf": 0.0026, "Cd0": 0.01612, "b": 61.6667601717017, "tr": 0.2231208660282349, "MAC": 7.535694090898693, "XMAC": 12.152661348810918, "YLEMAC": 7.430762925598892, "sweepC/2": 0.4431370684606916, "sweepLE": 0.5487971935252399, "dihedral": 0.0375184526078602, "Cr": 10.861462717229116, "Ct": 2.423418967801546, "Mcruise": 0.82, "sweepTE": 0.3257522497643058}