{"sweep": 30, "W/S": 8651, "T/W": 0.3257192316951123, "MTOM": 202149.91599915316, "OEM": 95616.91026759944, "MFUEL": 57091.00573155373, "MDESPAY": 27669, "MMAXPAY": 49442, "AR": 9.28375, "S": 229.23253681096898, "THRUST": 645930.7713527263, "OSwald": 0.8002105891578951, "Cf": 0.0026, "Cd0": 0.01612}