{"Hcruise":11887.2, "sweep": 0.49748009991856273, "W/S": 8651, "T/W": 0.3257192316951123, "MTOM": 202149.91599915316, "OEM": 95616.91026759944, "MFUEL": 57091.00573155373, "MDESPAY": 27669, "MMAXPAY": 49442, "AR": 9.28375, "S": 229.23253681096898, "THRUST": 645930.7713527263, "OSwald": 0.8002105891578951, "Cf": 0.0026, "Cd0": 0.01612, "b": 46.131741389403814, "tr": 0.2231208660282349, "MAC": 5.637310765525239, "XMAC": 9.09117698052205, "YLEMAC": 5.558813737826342, "sweepC/2": 0.44313706846069156, "sweepLE": 0.5487971935252399, "dihedral": 0.0375184526078602, "Cr": 8.125255612371149, "Ct": 1.8129140689330268, "Mcruise": 0.82}